"","mean","ci_low","ci_high"
"2.5%",-13.1413231869713,-17.9711501520879,-8.38544293264907
