"","mean","ci_low","ci_high"
"2.5%",-0.0699461598252336,-5.03732944455128,5.27479491048253
