"","mean","ci_low","ci_high"
"2.5%",-15.7836075696959,-31.659450342423,-1.63225501384479
